Category,Difficulty,Question,Option_A,Option_B,Option_C,Option_D,Correct_Answer,Scripture_Reference,Explanation
Characters,beginner,Who led the Israelites out of Egypt?,Moses,Abraham,Joshua,David,Moses,Exodus 3:10,"God called Moses to lead the Israelites out of slavery in Egypt."
Characters,beginner,Who was the first king of Israel?,David,Solomon,Saul,Samuel,Saul,1 Samuel 10:24,"Samuel anointed Saul as the first king, though he later fell away from God."
Characters,beginner,Who betrayed Jesus for thirty pieces of silver?,Peter,Judas Iscariot,Thomas,Pontius Pilate,Judas Iscariot,Matthew 26:14-15,"Judas Iscariot agreed to betray Jesus to the chief priests for thirty silver coins."
Characters,beginner,Who was swallowed by a great fish?,Jonah,Job,Joseph,Jeremiah,Jonah,Jonah 1:17,"The Lord provided a huge fish to swallow Jonah for three days and three nights."
Characters,beginner,Who was the mother of Jesus?,Mary,Elizabeth,Ruth,Sarah,Mary,Luke 1:30-31,"The angel Gabriel announced to Mary that she would give birth to Jesus."
Characters,intermediate,What was the name of Abraham's nephew who escaped Sodom?,Lot,Laban,Ishmael,Isaac,Lot,Genesis 19:1,"Lot was warned by angels to flee Sodom before its destruction."
Characters,intermediate,Which disciple was a tax collector before following Jesus?,Matthew,Luke,James,Simon the Zealot,Matthew,Matthew 9:9,"Jesus called Matthew (also called Levi) from his tax collector's booth."
Characters,intermediate,Who was the Roman centurion whose servant Jesus healed?,Cornelius,Julius,Felix,The centurion in Capernaum,The centurion in Capernaum,Matthew 8:5-13,"The centurion showed great faith, saying Jesus only needed to speak the word."
Characters,intermediate,Who was the prophetess who recognized baby Jesus at the temple?,Anna,Deborah,Huldah,Miriam,Anna,Luke 2:36-38,"Anna was 84 years old and gave thanks to God when she saw Jesus."
Characters,intermediate,Which king had a dream about a statue with different metals?,Nebuchadnezzar,Belshazzar,Darius,Cyrus,Nebuchadnezzar,Daniel 2:31-45,"Daniel interpreted Nebuchadnezzar's dream of the statue representing kingdoms."
Characters,intermediate,Who was David's best friend and Jonathan's father?,Saul,Abner,Jesse,Samuel,Saul,1 Samuel 18:1,"Jonathan was Saul's son and became David's closest friend."
Characters,intermediate,What was the name of the woman who hid Israelite spies in Jericho?,Rahab,Deborah,Delilah,Ruth,Rahab,Joshua 2:1-6,"Rahab the prostitute hid the spies on her roof and helped them escape."
Characters,intermediate,Who was the high priest who raised Samuel?,Eli,Aaron,Zadok,Abiathar,Eli,1 Samuel 3:1,"Samuel served under Eli the priest at Shiloh before God called him."
Characters,expert,Who was the king of Salem who blessed Abraham?,Melchizedek,Abimelech,Og,Sihon,Melchizedek,Genesis 14:18-20,"Melchizedek, king of Salem and priest of God Most High, blessed Abraham and received tithes from him."
Characters,expert,Which judge made a rash vow that resulted in sacrificing his daughter?,Jephthah,Gideon,Samson,Barak,Jephthah,Judges 11:30-39,"Jephthah vowed to sacrifice whatever came out of his house first if God gave him victory."
Characters,expert,Who was the cupbearer to King Artaxerxes who rebuilt Jerusalem's walls?,Ezra,Nehemiah,Zerubbabel,Mordecai,Nehemiah,Nehemiah 1:11-2:1,"Nehemiah served as cupbearer before requesting permission to rebuild Jerusalem."
Characters,expert,Which prophet was commanded to marry an unfaithful woman as an object lesson?,Hosea,Jeremiah,Ezekiel,Isaiah,Hosea,Hosea 1:2-3,"God told Hosea to marry Gomer to illustrate Israel's unfaithfulness to God."
Characters,expert,Who was the Pharisee who defended the apostles before the Sanhedrin?,Gamaliel,Nicodemus,Joseph of Arimathea,Caiaphas,Gamaliel,Acts 5:34-39,"Gamaliel wisely counseled the Sanhedrin to leave the apostles alone."
Characters,scholar,Who was the father of Methuselah?,Enoch,Lamech,Jared,Mahalalel,Enoch,Genesis 5:21-22,"Enoch fathered Methuselah and walked faithfully with God before being taken up."
Characters,scholar,Which Levite from Cyprus sold a field and brought the money to the apostles?,Barnabas,Apollos,Silas,Timothy,Barnabas,Acts 4:36-37,"Joseph, called Barnabas by the apostles, sold a field and donated the proceeds to support the early church."
Events,beginner,What did God create on the first day?,Light,Land and sea,Animals,Humans,Light,Genesis 1:3-5,"God said 'Let there be light' and separated light from darkness on the first day."
Events,beginner,What event involved water covering the entire earth?,The Flood,The Red Sea crossing,Jesus' baptism,Creation,The Flood,Genesis 7:17-24,"God sent a flood to cover the earth, saving only Noah's family and the animals in the ark."
Events,beginner,On what day did Jesus rise from the dead?,Sunday,Saturday,Friday,Monday,Sunday,Matthew 28:1,"Jesus rose early on the first day of the week (Sunday), as discovered by the women at the tomb."
Events,beginner,What happened at the Tower of Babel?,God confused languages,God destroyed the tower,Angels descended,People were saved,God confused languages,Genesis 11:7-9,"God confused their language so they could not understand each other and scattered them."
Events,beginner,What miracle did Jesus perform at the wedding in Cana?,Turned water into wine,Healed a servant,Calmed a storm,Fed 5000 people,Turned water into wine,John 2:7-11,"Jesus turned water into wine as His first miraculous sign in Cana of Galilee."
Events,intermediate,What happened when Moses struck the rock at Horeb?,Water came out,Fire came down,The rock split in two,Manna appeared,Water came out,Exodus 17:6,"Moses struck the rock and water came out for the people to drink."
Events,intermediate,What celestial event occurred when Jesus died on the cross?,Darkness covered the land,A star appeared,The moon turned red,Lightning struck,Darkness covered the land,Matthew 27:45,"From noon until three in the afternoon darkness came over all the land."
Events,intermediate,What happened to the Israelites who complained about manna?,Fiery serpents bit them,They wandered 40 more years,A plague killed them,They received quail instead,Fiery serpents bit them,Numbers 21:6,"The Lord sent venomous snakes among them and many Israelites died."
Events,intermediate,What natural phenomenon announced God's presence at Mount Sinai?,Thunder and fire,An earthquake,A flood,A whirlwind,Thunder and fire,Exodus 19:16-18,"There was thunder and lightning with thick cloud on the mountain and fire."
Events,intermediate,What did the disciples do when Jesus walked on water?,Peter walked to Jesus,They immediately believed,They thought He was a ghost,They jumped in the water,They thought He was a ghost,Matthew 14:26,"When the disciples saw Him walking on the lake they were terrified thinking it was a ghost."
Events,intermediate,What happened at Pentecost?,The Holy Spirit came,Jesus ascended,The temple veil tore,Jesus was baptized,The Holy Spirit came,Acts 2:2-4,"A violent wind came from heaven and tongues of fire rested on the believers who were filled with the Holy Spirit."
Events,intermediate,What happened when Elijah challenged the prophets of Baal?,Fire fell from heaven,Rain came immediately,Baal answered,Nothing happened,Fire fell from heaven,1 Kings 18:38,"The fire of the Lord fell and burned up the sacrifice, wood, stones, and soil."
Events,intermediate,What happened to Ananias and Sapphira?,They dropped dead for lying,They were healed,They were imprisoned,They left the church,They dropped dead for lying,Acts 5:5-10,"Both fell down and died after lying to the Holy Spirit about their offering."
Events,expert,What sign did God give King Hezekiah to confirm his healing?,The sun's shadow went backward,A rainbow appeared,His enemy died,Water flowed from a rock,The sun's shadow went backward,2 Kings 20:9-11,"The shadow went back the ten steps it had gone down on the stairway of Ahaz."
Events,expert,What happened when Uzzah touched the ark of the covenant?,God struck him dead,He was healed,He became a priest,He saw a vision,God struck him dead,2 Samuel 6:6-7,"The Lord's anger burned against Uzzah and God struck him down because of his irreverent act."
Events,expert,What plague did God send because David took a census?,A three-day plague,Seven years famine,Invasion by enemies,Death of firstborns,A three-day plague,2 Samuel 24:13-15,"David chose three days of plague and 70,000 men of Israel fell dead."
Events,expert,What happened when the bones of a dead man touched Elisha's bones?,The man came to life,Nothing happened,The bones multiplied,Fire consumed them,The man came to life,2 Kings 13:21,"When the body touched Elisha's bones, the man came to life and stood up on his feet."
Events,expert,What happened during Paul's conversion on the Damascus road?,He saw a bright light and heard Jesus,An angel appeared,He had a dream,A prophet spoke to him,He saw a bright light and heard Jesus,Acts 9:3-4,"A light from heaven flashed around him and he heard the voice of Jesus."
Events,scholar,What was the first miracle performed by Moses before Pharaoh?,His staff became a snake,Water turned to blood,His hand became leprous,Frogs appeared,His staff became a snake,Exodus 7:10,"Aaron threw his staff down before Pharaoh and it became a snake."
Events,scholar,What happened when Ezekiel prophesied to the dry bones?,They came together and lived,They disappeared,They multiplied,Fire consumed them,They came together and lived,Ezekiel 37:7-10,"The bones came together, flesh appeared, and breath entered them so they lived and stood up."
Locations,beginner,Where was Jesus born?,Bethlehem,Nazareth,Jerusalem,Capernaum,Bethlehem,Matthew 2:1,"Jesus was born in Bethlehem in Judea during the time of King Herod."
Locations,beginner,In what garden did Jesus pray before His arrest?,Garden of Gethsemane,Garden of Eden,King's Garden,Olive Garden,Garden of Gethsemane,Matthew 26:36,"Jesus went with His disciples to a place called Gethsemane to pray."
Locations,beginner,Where did Moses receive the Ten Commandments?,Mount Sinai,Mount Nebo,Mount Carmel,Mount Zion,Mount Sinai,Exodus 19:20,"The Lord descended to the top of Mount Sinai and called Moses up."
Locations,beginner,In what river was Jesus baptized?,Jordan River,Nile River,Euphrates River,Tigris River,Jordan River,Matthew 3:13,"Jesus came from Galilee to the Jordan to be baptized by John."
Locations,beginner,Where did the Holy Family flee to escape Herod?,Egypt,Babylon,Damascus,Petra,Egypt,Matthew 2:13-14,"Joseph took the child and His mother during the night and left for Egypt."
Locations,intermediate,Where did Jacob have his dream of a stairway to heaven?,Bethel,Beersheba,Haran,Peniel,Bethel,Genesis 28:19,"Jacob called that place Bethel (House of God) after his dream."
Locations,intermediate,In what city did God confuse the languages?,Babel,Ur,Nineveh,Sodom,Babel,Genesis 11:9,"It was called Babel because there the Lord confused the language of the whole world."
Locations,intermediate,Where did Elijah confront the prophets of Baal?,Mount Carmel,Mount Sinai,Mount Nebo,Mount Horeb,Mount Carmel,1 Kings 18:19-20,"Ahab sent word throughout Israel and assembled the prophets on Mount Carmel."
Locations,intermediate,On what mountain did Abraham attempt to sacrifice Isaac?,Mount Moriah,Mount Sinai,Mount Horeb,Mount Nebo,Mount Moriah,Genesis 22:2,"God told Abraham to go to the region of Moriah and sacrifice Isaac on a mountain."
Locations,intermediate,Where did Paul have his vision of a man from Macedonia?,Troas,Philippi,Athens,Corinth,Troas,Acts 16:8-9,"During the night Paul had a vision while at Troas of a man of Macedonia begging him to come."
Locations,intermediate,What island was John on when he received the book of Revelation?,Patmos,Cyprus,Crete,Malta,Patmos,Revelation 1:9,"John was on the island called Patmos because of the word of God and testimony of Jesus."
Locations,intermediate,Where did Jesus perform His first miracle?,Cana,Capernaum,Jerusalem,Bethany,Cana,John 2:11,"This, the first of His signs, Jesus did at Cana in Galilee."
Locations,intermediate,In what city did the early church first face persecution?,Jerusalem,Antioch,Damascus,Rome,Jerusalem,Acts 8:1,"On that day a great persecution broke out against the church in Jerusalem."
Locations,expert,Where did the ark of the covenant rest after being captured by Philistines?,Ashdod,Gath,Ekron,Gaza,Ashdod,1 Samuel 5:1-2,"The Philistines took the ark to Ashdod and carried it into the temple of Dagon."
Locations,expert,What city did Joshua conquer with a shout and trumpet blast?,Jericho,Ai,Gibeon,Hazor,Jericho,Joshua 6:20,"When the trumpets sounded and the people gave a loud shout, the wall of Jericho collapsed."
Locations,expert,Where did Saul consult a medium?,Endor,En-gedi,Ephesus,Emmaus,Endor,1 Samuel 28:7,"Saul said to his attendants to find him a woman who is a medium at Endor."
Locations,expert,In what town did Jesus raise a widow's son from the dead?,Nain,Nob,Nazareth,Nebo,Nain,Luke 7:11-15,"Jesus went to a town called Nain where He raised a widow's dead son."
Locations,expert,Where was Paul when he received his 'thorn in the flesh'?,Not specified in Scripture,Damascus,Corinth,Ephesus,Not specified in Scripture,2 Corinthians 12:7-9,"Paul mentions the thorn but Scripture doesn't specify where he received it."
Locations,scholar,What was the name of the field purchased with Judas's blood money?,Field of Blood (Akeldama),Potter's Field,Field of Baal,Valley of Hinnom,Field of Blood (Akeldama),Acts 1:19,"Everyone in Jerusalem heard about this so they called that field Akeldama (Field of Blood)."
Locations,scholar,In what city did Apollos first learn the way of God more adequately?,Ephesus,Corinth,Alexandria,Antioch,Ephesus,Acts 18:24-26,"Apollos was instructed more adequately by Priscilla and Aquila in Ephesus."
Parables,beginner,In the parable of the lost sheep, how many sheep did the shepherd have?,100,99,50,10,100,Luke 15:4,"Suppose one of you has a hundred sheep and loses one of them."
Parables,beginner,What did the prodigal son waste his inheritance on?,Wild living,Building a house,Starting a business,Gambling,Wild living,Luke 15:13,"He squandered his wealth in wild living in a distant country."
Parables,beginner,In the parable of the sower, what choked some of the seeds?,Thorns,Rocks,Birds,Water,Thorns,Matthew 13:7,"Other seed fell among thorns which grew up and choked the plants."
Parables,beginner,What did the Good Samaritan do for the injured man?,Helped and paid for his care,Gave him money,Called for help,Prayed for him,Helped and paid for his care,Luke 10:34-35,"He bandaged his wounds, took him to an inn, and paid for his care."
Parables,beginner,In the parable of the talents, what did the servant with one talent do?,Buried it,Invested it,Gave it away,Lost it,Buried it,Matthew 25:18,"The man who had received one bag went off and dug a hole and hid his master's money."
Parables,intermediate,What do the weeds represent in the parable of the weeds?,Sons of the evil one,False prophets,Hypocrites,Unbelievers,Sons of the evil one,Matthew 13:38,"The weeds are the sons of the evil one and the enemy who sows them is the devil."
Parables,intermediate,In the parable of the wedding banquet, why were guests brought in from the streets?,The invited guests refused to come,There wasn't enough food,The king was generous,It was customary,The invited guests refused to come,Matthew 22:3-9,"Those invited did not deserve to come, so servants gathered all they could find."
Parables,intermediate,What did the master do to the unmerciful servant?,Had him thrown in prison,Forgave him again,Increased his debt,Fired him,Had him thrown in prison,Matthew 18:34,"In anger his master handed him over to the jailers to be tortured until he paid back all he owed."
Parables,intermediate,In the parable of the ten virgins, what did the foolish ones forget?,Oil for their lamps,Their wedding clothes,The wedding invitation,Money for gifts,Oil for their lamps,Matthew 25:3,"The foolish ones took their lamps but did not take any oil with them."
Parables,intermediate,What happened to the rich fool in the parable?,God took his life that night,He lost all his wealth,He became poor,He repented,God took his life that night,Luke 12:20,"God said 'You fool! This very night your life will be demanded from you.'"
Parables,intermediate,In the parable of the Pharisee and tax collector, who went home justified?,The tax collector,The Pharisee,Both of them,Neither of them,The tax collector,Luke 18:14,"The tax collector who humbled himself went home justified rather than the Pharisee."
Parables,intermediate,What did the persistent widow seek from the judge?,Justice,Money,Protection,Freedom,Justice,Luke 18:3,"The widow kept coming to the judge saying 'Grant me justice against my adversary.'"
Parables,intermediate,What is the main point of the parable of the hidden treasure?,The kingdom is worth everything,Save for the future,Work hard,Be honest,The kingdom is worth everything,Matthew 13:44,"When a man found treasure hidden in a field, he sold all he had to buy that field."
Parables,expert,In the parable of the shrewd manager, what did Jesus commend?,His shrewdness,His honesty,His generosity,His repentance,His shrewdness,Luke 16:8,"The master commended the dishonest manager because he had acted shrewdly."
Parables,expert,What does the mustard seed parable teach about the kingdom of God?,It starts small but grows large,Faith is small,Small things matter,Patience is needed,It starts small but grows large,Matthew 13:31-32,"Though it is the smallest of seeds, it grows into the largest of garden plants."
Parables,expert,In the parable of the laborers in the vineyard, when were the last workers hired?,The eleventh hour,The sixth hour,The third hour,Noon,The eleventh hour,Matthew 20:6,"About five in the afternoon (eleventh hour) he went out and found still others standing around."
Parables,expert,What does the yeast in the parable represent about the kingdom?,It permeates everything,It makes things rise,It's hidden,It's powerful,It permeates everything,Matthew 13:33,"The kingdom of heaven is like yeast that a woman mixed into about sixty pounds of flour until it worked all through the dough."
Parables,expert,In the parable of the rich man and Lazarus, where was the rich man?,Hades,Hell,Sheol,Torment,Hades,Luke 16:23,"In Hades, where he was in torment, he looked up and saw Abraham far away with Lazarus by his side."
Parables,scholar,What was the soil like in the parable of the sower that produced a crop?,Good soil,Rocky soil,Shallow soil,Deep soil,Good soil,Matthew 13:23,"The seed falling on good soil refers to someone who hears and understands producing a crop."
Parables,scholar,In the parable of the net, what happens to the bad fish?,Thrown away,Sold,Released,Cooked,Thrown away,Matthew 13:48,"They collected the good fish in baskets but threw the bad away."
Themes,beginner,What is the greatest commandment according to Jesus?,Love God with all your heart,Do not murder,Honor your parents,Keep the Sabbath,Love God with all your heart,Matthew 22:37-38,"Love the Lord your God with all your heart, soul, and mind. This is the first and greatest commandment."
Themes,beginner,What does the Bible say God is?,Love,Light,Power,Wisdom,Love,1 John 4:8,"Whoever does not love does not know God, because God is love."
Themes,beginner,What must you do to be saved according to Acts?,Believe in Jesus,Be baptized,Do good works,Keep the law,Believe in Jesus,Acts 16:31,"They replied 'Believe in the Lord Jesus and you will be saved.'"
Themes,beginner,What is faith according to Hebrews 11?,Confidence in what we hope for,Believing in God,Trusting Scripture,Following Jesus,Confidence in what we hope for,Hebrews 11:1,"Faith is confidence in what we hope for and assurance about what we do not see."
Themes,beginner,What did Jesus say is the way to the Father?,Jesus Himself,Prayer,Good works,The Church,Jesus Himself,John 14:6,"Jesus answered 'I am the way and the truth and the life. No one comes to the Father except through me.'"
Themes,intermediate,What theme is central to the book of Ecclesiastes?,The meaninglessness of life without God,God's judgment,The fear of the Lord,Wisdom literature,The meaninglessness of life without God,Ecclesiastes 1:2,"'Meaningless! Meaningless!' says the Teacher. 'Everything is meaningless!'"
Themes,intermediate,What does James say about faith without deeds?,It is dead,It is weak,It is incomplete,It is childish,It is dead,James 2:26,"As the body without the spirit is dead, so faith without deeds is dead."
Themes,intermediate,According to Romans, what is the wages of sin?,Death,Hell,Separation from God,Eternal punishment,Death,Romans 6:23,"For the wages of sin is death, but the gift of God is eternal life in Christ Jesus our Lord."
Themes,intermediate,What does Paul say we are saved by in Ephesians?,Grace through faith,Good works,Baptism,Church membership,Grace through faith,Ephesians 2:8-9,"For it is by grace you have been saved through faith, not by works."
Themes,intermediate,What is the armor of God's purpose according to Ephesians?,To stand against the devil,To fight sin,To win souls,To grow in faith,To stand against the devil,Ephesians 6:11,"Put on the full armor of God so that you can take your stand against the devil's schemes."
Themes,intermediate,What does 1 Corinthians 13 say is the greatest virtue?,Love,Faith,Hope,Patience,Love,1 Corinthians 13:13,"And now these three remain: faith, hope and love. But the greatest of these is love."
Themes,intermediate,What theme dominates the book of Ruth?,Loyal love and redemption,God's provision,Faith in trials,Obedience to law,Loyal love and redemption,Ruth 1:16,"Ruth's loyal love (hesed) and Boaz as kinsman-redeemer illustrate God's redemptive love."
Themes,intermediate,According to Peter, what covers a multitude of sins?,Love,Prayer,Confession,Sacrifice,Love,1 Peter 4:8,"Above all, love each other deeply, because love covers over a multitude of sins."
Themes,expert,What does Paul mean by 'already but not yet' in his theology?,Kingdom present but not fully realized,Saved but still sinning,Believers but still learning,Alive but will die,Kingdom present but not fully realized,1 Corinthians 15:24-28,"The kingdom has come in Christ but awaits final consummation at His return."
Themes,expert,What is the theological significance of the tearing of the temple veil?,Direct access to God,End of temple worship,God's judgment,New covenant,Direct access to God,Matthew 27:51; Hebrews 10:19-20,"The veil tearing symbolized believers' direct access to God through Christ's sacrifice."
Themes,expert,What does Paul mean by being 'in Christ'?,Union with Christ,Following Christ,Believing in Christ,Imitating Christ,Union with Christ,2 Corinthians 5:17,"Therefore if anyone is in Christ, the new creation has come. This refers to spiritual union."
Themes,expert,What is the concept of 'firstfruits' as applied to Christ's resurrection?,Guarantee of believers' resurrection,First to rise,Best offering,New beginning,Guarantee of believers' resurrection,1 Corinthians 15:20-23,"Christ has been raised as firstfruits of those who have fallen asleep, guaranteeing our resurrection."
Themes,expert,What does substitutionary atonement mean?,Christ died in our place,Christ defeated death,Christ paid a ransom,Christ conquered Satan,Christ died in our place,Isaiah 53:5-6; 2 Corinthians 5:21,"Christ bore our sins and took our punishment as our substitute."
Themes,scholar,What is the biblical concept of 'remnant' theology?,God preserves a faithful few,The saved minority,Jewish believers,End-times believers,God preserves a faithful few,Romans 11:5; Isaiah 10:20-22,"Throughout history God preserves a remnant who remain faithful to Him."
Themes,scholar,What does the 'already-not yet' tension refer to in inaugurated eschatology?,Kingdom initiated but awaits consummation,Saved but sanctifying,Living but dying,Justified but glorifying,Kingdom initiated but awaits consummation,Luke 17:21; Revelation 21:2,"The kingdom came with Christ's first coming but will be consummated at His return."
Theology,beginner,How many persons are in the Trinity?,Three,One,Two,Four,Three,Matthew 28:19,"Therefore go and make disciples baptizing them in the name of the Father, Son, and Holy Spirit."
Theology,beginner,What does omnipotent mean about God?,All-powerful,All-knowing,Everywhere present,Eternal,All-powerful,Revelation 19:6,"For our Lord God Almighty (omnipotent) reigns."
Theology,beginner,What is the doctrine of original sin?,Sin nature inherited from Adam,First sin committed,Sin at birth,Unforgivable sin,Sin nature inherited from Adam,Romans 5:12,"Sin entered the world through one man and death through sin, so death came to all people."
Theology,beginner,What does justification mean?,Being declared righteous,Being made holy,Being saved,Being forgiven,Being declared righteous,Romans 3:24,"All are justified freely by His grace through the redemption in Christ Jesus."
Theology,beginner,What is sanctification?,Process of being made holy,Being saved,Going to heaven,Being baptized,Process of being made holy,1 Thessalonians 4:3,"It is God's will that you should be sanctified (made holy)."
Theology,intermediate,What is the doctrine of imputation?,God credits Christ's righteousness to believers,God forgives sins,God saves souls,God transforms hearts,God credits Christ's righteousness to believers,2 Corinthians 5:21,"God made Him who had no sin to be sin for us so that we might become the righteousness of God."
Theology,intermediate,What does the doctrine of perseverance of the saints teach?,True believers cannot lose salvation,Saints persevere through trials,Believers must endure,Christians face persecution,True believers cannot lose salvation,John 10:28-29,"I give them eternal life and they shall never perish; no one can snatch them from my hand."
Theology,intermediate,What is the difference between justification and sanctification?,Justification is instant; sanctification is ongoing,Justification is salvation; sanctification is works,Justification is faith; sanctification is deeds,Justification is legal; sanctification is moral,Justification is instant; sanctification is ongoing,Romans 8:30; Philippians 2:12-13,"Justification is God's one-time legal declaration; sanctification is progressive transformation."
Theology,intermediate,What does the doctrine of the incarnation teach?,God became man in Jesus,God appeared as a man,Jesus was a prophet,Jesus was divine,God became man in Jesus,John 1:14,"The Word became flesh and made His dwelling among us."
Theology,intermediate,What is the doctrine of the immutability of God?,God does not change,God is eternal,God is powerful,God is sovereign,God does not change,Malachi 3:6; James 1:17,"I the Lord do not change. God does not change like shifting shadows."
Theology,intermediate,What is common grace?,God's goodness to all people,Saving grace,Special blessings,Grace given at communion,God's goodness to all people,Matthew 5:45,"He causes His sun to rise on the evil and the good, and sends rain on the righteous and unrighteous."
Theology,intermediate,What does the doctrine of total depravity teach?,Sin affects all aspects of humanity,Everyone is as bad as possible,No one can do good,All people are condemned,Sin affects all aspects of humanity,Romans 3:10-12,"There is no one righteous, not even one; no one who seeks God."
Theology,intermediate,What is the doctrine of election?,God chose who would be saved,People choose salvation,Everyone is elected,The church elects leaders,God chose who would be saved,Ephesians 1:4-5,"He chose us in Him before the creation of the world to be holy and blameless."
Theology,expert,What is the hypostatic union?,Jesus is fully God and fully man,Jesus has two natures,Jesus is divine,Jesus became human,Jesus is fully God and fully man,Colossians 2:9,"For in Christ all the fullness of the Deity lives in bodily form."
Theology,expert,What does monergism teach about salvation?,God alone brings about salvation,People cooperate with God,Both God and man work,Salvation requires effort,God alone brings about salvation,Ephesians 2:8-9; John 1:13,"Salvation is entirely God's work, not from human will or effort."
Theology,expert,What is the doctrine of limited atonement?,Christ died specifically for the elect,Christ's death has limits,Not everyone can be saved,Only some hear the gospel,Christ died specifically for the elect,John 10:15; Matthew 1:21,"Jesus gives His life for the sheep and saves His people from their sins."
Theology,expert,What does supralapsarianism teach?,God decreed election before the fall,God knew about sin beforehand,God planned creation perfectly,God ordained history,God decreed election before the fall,Romans 9:11,"God's purpose in election stood before the twins were born or had done good or evil."
Theology,expert,What is the doctrine of traducianismabout the soul's origin?,The soul is inherited from parents,God creates each soul individually,The soul pre-exists,The soul develops naturally,The soul is inherited from parents,Psalm 51:5,"Surely I was sinful at birth, sinful from the time my mother conceived me."
Theology,scholar,What is the difference between infralapsarianism and supralapsarianism?,Order of God's decrees,Timing of election,Nature of predestination,Extent of atonement,Order of God's decrees,Romans 9:11-23,"The logical order of God's eternal decrees regarding creation, fall, and election."
Theology,scholar,What does the doctrine of pactum salutis (covenant of redemption) teach?,The Trinity covenanted to save the elect,God made a covenant with Israel,Christ made a new covenant,The church has a covenant,The Trinity covenanted to save the elect,John 17:2-6; Ephesians 1:3-14,"An eternal covenant among the persons of the Trinity to accomplish redemption."
Quote,beginner,"Who said: 'I am the bread of life'?",Jesus,Paul,John,Peter,Jesus,John 6:35,"Then Jesus declared 'I am the bread of life. Whoever comes to me will never go hungry.'"
Quote,beginner,"Who said: 'The Lord is my shepherd'?",David,Moses,Isaiah,Solomon,David,Psalm 23:1,"The Lord is my shepherd, I lack nothing."
Quote,beginner,"Who said: 'Go and make disciples of all nations'?",Jesus,Paul,Peter,John,Jesus,Matthew 28:19,"Therefore go and make disciples of all nations, baptizing them in the name of the Father and of the Son and of the Holy Spirit."
Quote,beginner,"What book contains: 'For God so loved the world'?",John,Matthew,Romans,Genesis,John,John 3:16,"For God so loved the world that he gave his one and only Son, that whoever believes in him shall not perish but have eternal life."
Quote,beginner,"Who said: 'Here I am! I stand at the door and knock'?",Jesus,John,Paul,James,Jesus,Revelation 3:20,"Here I am! I stand at the door and knock. If anyone hears my voice and opens the door, I will come in."
Quote,intermediate,"What book says: 'The fear of the Lord is the beginning of wisdom'?",Proverbs,Psalms,Ecclesiastes,Job,Proverbs,Proverbs 9:10,"The fear of the Lord is the beginning of wisdom, and knowledge of the Holy One is understanding."
Quote,intermediate,"Who said: 'I can do all this through him who gives me strength'?",Paul,Peter,James,Jesus,Paul,Philippians 4:13,"I can do all this through him who gives me strength."
Quote,intermediate,"What book contains: 'Trust in the Lord with all your heart'?",Proverbs,Psalms,Isaiah,Jeremiah,Proverbs,Proverbs 3:5,"Trust in the Lord with all your heart and lean not on your own understanding."
Quote,intermediate,"Who said: 'Am I my brother's keeper'?",Cain,Abel,Adam,Noah,Cain,Genesis 4:9,"Then the Lord said to Cain 'Where is your brother Abel?' 'I don't know' he replied. 'Am I my brother's keeper?'"
Quote,intermediate,"What book says: 'Be still and know that I am God'?",Psalms,Proverbs,Isaiah,Job,Psalms,Psalm 46:10,"He says 'Be still and know that I am God.'"
Quote,intermediate,"Who said: 'The harvest is plentiful but the workers are few'?",Jesus,Paul,John the Baptist,Peter,Jesus,Matthew 9:37,"Then he said to his disciples 'The harvest is plentiful but the workers are few.'"
Quote,intermediate,"What book contains: 'Train up a child in the way he should go'?",Proverbs,Deuteronomy,Psalms,Ephesians,Proverbs,Proverbs 22:6,"Start children off on the way they should go, and even when they are old they will not turn from it."
Quote,intermediate,"Who said: 'Get behind me Satan'?",Jesus,Peter,Paul,James,Jesus,Matthew 16:23,"Jesus turned and said to Peter 'Get behind me Satan! You are a stumbling block to me.'"
Quote,expert,"What book says: 'There is a time for everything'?",Ecclesiastes,Proverbs,Job,Psalms,Ecclesiastes,Ecclesiastes 3:1,"There is a time for everything, and a season for every activity under the heavens."
Quote,expert,"Who said: 'Though He slay me yet will I trust in Him'?",Job,David,Daniel,Abraham,Job,Job 13:15,"Though he slay me, yet will I hope in him."
Quote,expert,"What book contains: 'If my people who are called by my name will humble themselves'?",2 Chronicles,1 Kings,Isaiah,Jeremiah,2 Chronicles,2 Chronicles 7:14,"If my people who are called by my name will humble themselves and pray and seek my face and turn from their wicked ways, then I will hear from heaven."
Quote,expert,"Who said: 'Your word is a lamp for my feet'?",The Psalmist,Solomon,Moses,David,The Psalmist,Psalm 119:105,"Your word is a lamp for my feet, a light on my path."
Quote,expert,"What book says: 'The Lord gave and the Lord has taken away'?",Job,Psalms,Ecclesiastes,Lamentations,Job,Job 1:21,"Naked I came from my mother's womb, and naked I will depart. The Lord gave and the Lord has taken away; may the name of the Lord be praised."
Quote,scholar,"Who said: 'Woe to me if I do not preach the gospel'?",Paul,Peter,John,Apollos,Paul,1 Corinthians 9:16,"Yet when I preach the gospel I cannot boast, since I am compelled to preach. Woe to me if I do not preach the gospel!"
Quote,scholar,"What book contains: 'Deep calls to deep'?",Psalms,Job,Proverbs,Song of Songs,Psalms,Psalm 42:7,"Deep calls to deep in the roar of your waterfalls; all your waves and breakers have swept over me."
Church History,beginner,In what year was Jesus born (approximately)?,4-6 BC,1 AD,0 AD,10 BC,4-6 BC,Matthew 2:1; Luke 2:1-7,"Jesus was born during Herod the Great's reign, who died in 4 BC, placing Jesus' birth around 6-4 BC."
Church History,beginner,What event in AD 70 affected the Jewish people?,Destruction of the temple,Babylonian exile,Persian conquest,Roman persecution,Destruction of the temple,Matthew 24:2; Luke 21:6,"The Romans destroyed the Jerusalem temple in AD 70, fulfilling Jesus' prophecy."
Church History,beginner,Who was the Roman emperor during Jesus' ministry?,Tiberius Caesar,Augustus Caesar,Nero,Constantine,Tiberius Caesar,Luke 3:1,"In the fifteenth year of the reign of Tiberius Caesar, John the Baptist began his ministry."
Church History,beginner,What was the first major council of the church?,Council of Jerusalem,Council of Nicaea,Council of Chalcedon,Council of Ephesus,Council of Jerusalem,Acts 15:1-29,"The apostles and elders met in Jerusalem around AD 50 to discuss Gentile believers and the law."
Church History,beginner,Who was the first Christian martyr?,Stephen,Peter,Paul,James,Stephen,Acts 7:59-60,"Stephen was stoned to death, becoming the first recorded Christian martyr."
Church History,intermediate,What year was the Council of Nicaea held?,AD 325,AD 431,AD 381,AD 451,AD 325,Historical record,"The First Council of Nicaea was convened by Constantine to address the Arian controversy."
Church History,intermediate,What did the Council of Nicaea primarily address?,The deity of Christ,The canon of Scripture,Church leadership,Baptism practices,The deity of Christ,Nicene Creed,"The council condemned Arianism and affirmed that Christ is of the same substance (homoousios) as the Father."
Church History,intermediate,Which Roman emperor legalized Christianity?,Constantine,Theodosius,Diocletian,Julian,Constantine,Edict of Milan AD 313,"Constantine issued the Edict of Milan in 313, granting religious freedom to Christians."
Church History,intermediate,What movement did Martin Luther start?,Protestant Reformation,Great Awakening,Catholic Counter-Reformation,Monastic movement,Protestant Reformation,95 Theses - 1517,"Luther's posting of the 95 Theses in 1517 sparked the Protestant Reformation."
Church History,intermediate,Who translated the Bible into English in the 1380s?,John Wycliffe,William Tyndale,King James,Jerome,John Wycliffe,Historical record,"John Wycliffe produced the first complete English Bible translation from the Vulgate."
Church History,intermediate,What was the Great Schism of 1054?,Split between East and West church,Protestant Reformation,Catholic divisions,Papal controversy,Split between East and West church,Historical record,"The church split into Roman Catholic (West) and Eastern Orthodox (East) in 1054."
Church History,intermediate,Who wrote 'Institutes of the Christian Religion'?,John Calvin,Martin Luther,John Knox,Ulrich Zwingli,John Calvin,Published 1536,"Calvin's systematic theology became foundational for Reformed theology."
Church History,intermediate,What was the main issue in the Arian controversy?,Whether Jesus was fully divine,Trinity doctrine,Canon of Scripture,Church authority,Whether Jesus was fully divine,Historical record,"Arius taught that Jesus was a created being, not co-eternal with the Father."
Church History,expert,What year was the Council of Chalcedon?,AD 451,AD 325,AD 381,AD 431,AD 451,Historical record,"The Council of Chalcedon in 451 defined the two natures of Christ against monophysitism."
Church History,expert,Who were the Donatists?,Those who believed fallen clergy invalid,Early monastics,Gnostic sect,Jewish Christians,Those who believed fallen clergy invalid,Historical record,"Donatists believed that sacraments performed by clergy who had denied Christ during persecution were invalid."
Church History,expert,What did the Council of Trent address?,Protestant Reformation challenges,Muslim expansion,Iconoclasm,Papal succession,Protestant Reformation challenges,1545-1563,"The Catholic Church's response to the Protestant Reformation, clarifying Catholic doctrine."
Church History,expert,Who was Athanasius?,Defender of Nicene orthodoxy,Early bishop,Translator,Reformer,Defender of Nicene orthodoxy,Historical record,"Athanasius of Alexandria championed Trinitarian theology against Arianism in the 4th century."
Church History,expert,What was the Edict of Worms (1521)?,Condemned Martin Luther,Legalized Christianity,Established state church,Created church council,Condemned Martin Luther,Historical record,"The Diet of Worms declared Luther a heretic and outlaw for refusing to recant his writings."
Church History,scholar,What theological controversy did the Cappadocian Fathers resolve?,Trinity formulation,Christology,Canon,Church polity,Trinity formulation,Historical record,"Basil of Caesarea, Gregory of Nyssa, and Gregory of Nazianzus developed Trinitarian theology distinguishing between ousia and hypostasis."
Church History,scholar,What was Semi-Pelagianism?,Belief that grace and will cooperate,Partial depravity,Limited atonement,Conditional election,Belief that grace and will cooperate,Historical record,"The teaching that humans can initiate faith and God responds with grace, condemned at Orange (529)."
